EN,FA
"TinyMCE Editor","ویرایشگر TinyMCE"
"TinyMCE Editor Settings","تنظیمات ویرایشگر TinyMCE"
"Modular rich content editor for AseqBase websites","ویرایشگر ماژولار محتوای غنی برای وب‌سایت‌های AseqBase"
"Content Management","مدیریت محتوا"
"Callout","کادر"
"Highlight important text in a colored callout","نمایش متن مهم داخل کادر رنگی"
"Green callout","کادر سبز"
"Blue callout","کادر آبی"
"Yellow callout","کادر زرد"
"Red callout","کادر قرمز"
"Gray callout","کادر خاکستری"
"Write important text here.","متن مهم را اینجا بنویسید."
"Checklist","فهرست تیک‌دار"
"Button","دکمه"
"Add button","افزودن دکمه"
"Button text","متن دکمه"
"Link address","آدرس لینک"
"Cancel","انصراف"
"Add","افزودن"
"Link must start with https://, /, #, mailto:, or tel:.","لینک باید با https://، /، #، mailto: یا tel: شروع شود."
"Undo","واگرد"
"Redo","از نو"
"Blocks","قالب متن"
"Font family","فونت"
"Font sizes","اندازه فونت"
"Bold","پررنگ"
"Italic","مورب"
"Underline","زیرخط"
"Strikethrough","خط‌خورده"
"Align right","راست‌چین"
"Align center","وسط‌چین"
"Align left","چپ‌چین"
"Justify","تراز دوطرفه"
"Right to left","راست به چپ"
"Left to right","چپ به راست"
"Bullet list","فهرست نشانه‌دار"
"Numbered list","فهرست شماره‌دار"
"Decrease indent","کاهش تورفتگی"
"Increase indent","افزایش تورفتگی"
"Insert/edit link","درج یا ویرایش لینک"
"Insert/edit image","درج یا ویرایش تصویر"
"Table","جدول"
"Horizontal line","خط افقی"
"Blockquote","نقل‌قول"
"Find and replace","جست‌وجو و جایگزینی"
"Remove formatting","حذف قالب‌بندی"
"Source code","کد منبع"
"Fullscreen","تمام‌صفحه"
"Source","منبع"
"Alternative description","توضیح جایگزین"
"Width","عرض"
"Height","ارتفاع"
"Save","ذخیره"
"Close","بستن"
"B Nazanin","بی نازنین"
"Vazirmatn","وزیرمتن"
"B Yekan","بی یکان"
"B Titr","بی تیتر"
"B Koodak","بی کودک"
"Content","محتوا"
"Contents","محتواها"
"Title","عنوان"
"Description","توضیحات"
"Categories","دسته‌بندی‌ها"
"Tags","برچسب‌ها"
"Author","نویسنده"
"Editor","ویرایشگر"
"Published","منتشرشده"
"Unpublished","منتشرنشده"
"Drafted","پیش‌نویس"
"Priority","اولویت"
"Access","سطح دسترسی"
"Status","وضعیت"
"Create Time","زمان ایجاد"
"Update Time","زمان به‌روزرسانی"
"Image","تصویر"
"Name","نام"
"Type","نوع"
"Path","مسیر"
"Attach","پیوست"
"Search","جست‌وجو"
"Default","پیش‌فرض"
"Markdown Content Migration","مهاجرت محتوای مارک‌داون"
"Preview and convert legacy AseqBase Markdown content to sanitized HTML for TinyMCE. PHP code is never stored in content.","پیش‌نمایش و تبدیل محتوای قدیمی مارک‌داون AseqBase به HTML امن برای TinyMCE. هیچ کد PHP در محتوا ذخیره نمی‌شود."
"Safety notice","نکته ایمنی"
"Test this migration on a local database backup first. Mixed HTML and Markdown, unsupported directives, and content edited after migration are never overwritten automatically.","این مهاجرت را ابتدا روی نسخه پشتیبان دیتابیس محلی آزمایش کنید. محتوای ترکیبی HTML و مارک‌داون، دستورهای پشتیبانی‌نشده و محتوایی که پس از مهاجرت ویرایش شده باشد هرگز به‌صورت خودکار بازنویسی نمی‌شود."
"Total content","کل محتوا"
"Eligible","قابل مهاجرت"
"Markdown","مارک‌داون"
"Plain text","متن ساده"
"Existing HTML","HTML موجود"
"Mixed content","محتوای ترکیبی"
"Unsupported content","محتوای پشتیبانی‌نشده"
"Active backups","پشتیبان‌های فعال"
"Edited after migration","ویرایش‌شده پس از مهاجرت"
"Apply next migration batch","اجرای گروه بعدی مهاجرت"
"Original content and update time are saved in a dedicated backup table before each change.","پیش از هر تغییر، محتوای اصلی و زمان به‌روزرسانی در جدول پشتیبان اختصاصی ذخیره می‌شود."
"Batch size","اندازه گروه"
"Type MIGRATE to confirm","برای تأیید عبارت MIGRATE را وارد کنید"
"Apply migration batch","اجرای گروه مهاجرت"
"Rollback last migration batch","بازگردانی آخرین گروه مهاجرت"
"Records edited after migration are protected and will not be overwritten.","رکوردهایی که پس از مهاجرت ویرایش شده‌اند محافظت می‌شوند و بازنویسی نخواهند شد."
"Type ROLLBACK to confirm","برای تأیید عبارت ROLLBACK را وارد کنید"
"Restore from migration backup","بازیابی از پشتیبان مهاجرت"
"Dry-run samples","نمونه‌های پیش‌نمایش آزمایشی"
"No eligible or exceptional content records were found.","هیچ محتوای قابل مهاجرت یا استثنایی پیدا نشد."
"ID","شناسه"
"Detected format","قالب تشخیص‌داده‌شده"
"Original content","محتوای اصلی"
"Converted preview","پیش‌نمایش تبدیل‌شده"
"Skipped for manual review","برای بررسی دستی رد شد"
"Mixed","ترکیبی"
"Unsupported","پشتیبانی‌نشده"
"%d content records were migrated. Run another batch until Eligible becomes zero.","%d رکورد محتوا مهاجرت کرد. اجرای گروه‌ها را تا صفر شدن تعداد قابل مهاجرت ادامه دهید."
"%d content records were restored. %d edited records were protected and skipped.","%d رکورد محتوا بازیابی شد. %d رکورد ویرایش‌شده محافظت و رد شد."
"The migration operation failed:","عملیات مهاجرت ناموفق بود:"
"Type MIGRATE in the confirmation field before applying the migration.","پیش از اجرای مهاجرت عبارت MIGRATE را در فیلد تأیید وارد کنید."
"Type ROLLBACK in the confirmation field before restoring content.","پیش از بازیابی محتوا عبارت ROLLBACK را در فیلد تأیید وارد کنید."
"Empty","خالی"
"HTML and Markdown are mixed in this record.","در این رکورد HTML و مارک‌داون با هم ترکیب شده‌اند."
"A legacy button contains an unsupported URL.","یکی از دکمه‌های قدیمی دارای آدرس پشتیبانی‌نشده است."
"Unsupported custom markup:","نشانه‌گذاری سفارشی پشتیبانی‌نشده:"
"Content changed while the migration was running. No records were committed.","هنگام اجرای مهاجرت محتوا تغییر کرد. هیچ رکوردی ثبت نشد."
"Content changed while the rollback was running. No records were committed.","هنگام اجرای بازگردانی محتوا تغییر کرد. هیچ رکوردی ثبت نشد."
"The resolved database table name is invalid.","نام جدول دیتابیس معتبر نیست."
